Threshold,Sensitivity,Specificity,NPV,PPV,LR+,LR-,Missed injuries,True positives,False positives,Below-threshold proportion,At-or-above-threshold proportion
0.00,1.00,0.00,not calculable,0.26,1.00,not calculable,0,25,72,0.00,1.00
0.01,1.00,0.00,not calculable,0.26,1.00,not calculable,0,25,72,0.00,1.00
0.02,1.00,0.00,not calculable,0.26,1.00,not calculable,0,25,72,0.00,1.00
0.03,1.00,0.00,not calculable,0.26,1.00,not calculable,0,25,72,0.00,1.00
0.04,1.00,0.00,not calculable,0.26,1.00,not calculable,0,25,72,0.00,1.00
0.05,1.00,0.00,not calculable,0.26,1.00,not calculable,0,25,72,0.00,1.00
0.06,1.00,0.00,not calculable,0.26,1.00,not calculable,0,25,72,0.00,1.00
0.07,1.00,0.00,not calculable,0.26,1.00,not calculable,0,25,72,0.00,1.00
0.08,1.00,0.00,not calculable,0.26,1.00,not calculable,0,25,72,0.00,1.00
0.09,1.00,0.00,not calculable,0.26,1.00,not calculable,0,25,72,0.00,1.00
0.10,1.00,0.00,not calculable,0.26,1.00,not calculable,0,25,72,0.00,1.00
0.11,1.00,0.00,not calculable,0.26,1.00,not calculable,0,25,72,0.00,1.00
0.12,1.00,0.04,1.00,0.27,1.04,0.00,0,25,69,0.03,0.97
0.13,1.00,0.12,1.00,0.28,1.14,0.00,0,25,63,0.09,0.91
0.14,1.00,0.14,1.00,0.29,1.16,0.00,0,25,62,0.10,0.90
0.15,1.00,0.21,1.00,0.30,1.26,0.00,0,25,57,0.15,0.85
0.16,1.00,0.28,1.00,0.32,1.38,0.00,0,25,52,0.21,0.79
0.17,1.00,0.32,1.00,0.34,1.47,0.00,0,25,49,0.24,0.76
0.18,1.00,0.39,1.00,0.36,1.64,0.00,0,25,44,0.29,0.71
0.19,1.00,0.43,1.00,0.38,1.76,0.00,0,25,41,0.32,0.68
0.20,1.00,0.47,1.00,0.40,1.89,0.00,0,25,38,0.35,0.65
0.21,1.00,0.50,1.00,0.41,2.00,0.00,0,25,36,0.37,0.63
0.22,1.00,0.53,1.00,0.42,2.12,0.00,0,25,34,0.39,0.61
0.23,0.92,0.53,0.95,0.40,1.95,0.15,2,23,34,0.41,0.59
0.24,0.92,0.57,0.95,0.43,2.14,0.14,2,23,31,0.44,0.56
0.25,0.92,0.60,0.96,0.44,2.28,0.13,2,23,29,0.46,0.54
0.26,0.92,0.64,0.96,0.47,2.55,0.13,2,23,26,0.49,0.51
0.27,0.92,0.65,0.96,0.48,2.65,0.12,2,23,25,0.51,0.49
0.28,0.92,0.65,0.96,0.48,2.65,0.12,2,23,25,0.51,0.49
0.29,0.92,0.65,0.96,0.48,2.65,0.12,2,23,25,0.51,0.49
0.30,0.88,0.68,0.94,0.49,2.75,0.18,3,22,23,0.54,0.46
0.31,0.88,0.68,0.94,0.49,2.75,0.18,3,22,23,0.54,0.46
0.32,0.88,0.71,0.94,0.51,3.02,0.17,3,22,21,0.56,0.44
0.33,0.88,0.71,0.94,0.51,3.02,0.17,3,22,21,0.56,0.44
0.34,0.84,0.71,0.93,0.50,2.88,0.23,4,21,21,0.57,0.43
0.35,0.84,0.72,0.93,0.51,3.02,0.22,4,21,20,0.58,0.42
0.36,0.84,0.72,0.93,0.51,3.02,0.22,4,21,20,0.58,0.42
0.37,0.84,0.75,0.93,0.54,3.36,0.21,4,21,18,0.60,0.40
0.38,0.84,0.76,0.93,0.55,3.56,0.21,4,21,17,0.61,0.39
0.39,0.84,0.76,0.93,0.55,3.56,0.21,4,21,17,0.61,0.39
0.40,0.84,0.76,0.93,0.55,3.56,0.21,4,21,17,0.61,0.39
0.41,0.84,0.76,0.93,0.55,3.56,0.21,4,21,17,0.61,0.39
0.42,0.84,0.76,0.93,0.55,3.56,0.21,4,21,17,0.61,0.39
0.43,0.84,0.78,0.93,0.57,3.78,0.21,4,21,16,0.62,0.38
0.44,0.84,0.79,0.93,0.58,4.03,0.20,4,21,15,0.63,0.37
0.45,0.84,0.79,0.93,0.58,4.03,0.20,4,21,15,0.63,0.37
0.46,0.84,0.79,0.93,0.58,4.03,0.20,4,21,15,0.63,0.37
0.47,0.84,0.79,0.93,0.58,4.03,0.20,4,21,15,0.63,0.37
0.48,0.84,0.81,0.94,0.60,4.32,0.20,4,21,14,0.64,0.36
0.49,0.84,0.82,0.94,0.62,4.65,0.20,4,21,13,0.65,0.35
0.50,0.84,0.83,0.94,0.64,5.04,0.19,4,21,12,0.66,0.34
0.51,0.84,0.85,0.94,0.66,5.50,0.19,4,21,11,0.67,0.33
0.52,0.80,0.85,0.92,0.65,5.24,0.24,5,20,11,0.68,0.32
0.53,0.76,0.85,0.91,0.63,4.97,0.28,6,19,11,0.69,0.31
0.54,0.76,0.85,0.91,0.63,4.97,0.28,6,19,11,0.69,0.31
0.55,0.76,0.85,0.91,0.63,4.97,0.28,6,19,11,0.69,0.31
0.56,0.76,0.85,0.91,0.63,4.97,0.28,6,19,11,0.69,0.31
0.57,0.76,0.86,0.91,0.66,5.47,0.28,6,19,10,0.70,0.30
0.58,0.76,0.88,0.91,0.68,6.08,0.27,6,19,9,0.71,0.29
0.59,0.76,0.88,0.91,0.68,6.08,0.27,6,19,9,0.71,0.29
0.60,0.68,0.92,0.89,0.74,8.16,0.35,8,17,6,0.76,0.24
0.61,0.64,0.92,0.88,0.73,7.68,0.39,9,16,6,0.77,0.23
0.62,0.60,0.94,0.87,0.79,10.80,0.42,10,15,4,0.80,0.20
0.63,0.56,0.96,0.86,0.82,13.44,0.46,11,14,3,0.82,0.18
0.64,0.56,0.97,0.86,0.88,20.16,0.45,11,14,2,0.84,0.16
0.65,0.52,0.97,0.85,0.87,18.72,0.49,12,13,2,0.85,0.15
0.66,0.48,0.97,0.84,0.86,17.28,0.53,13,12,2,0.86,0.14
0.67,0.44,0.99,0.84,0.92,31.68,0.57,14,11,1,0.88,0.12
0.68,0.44,0.99,0.84,0.92,31.68,0.57,14,11,1,0.88,0.12
0.69,0.44,1.00,0.84,1.00,not calculable,0.56,14,11,0,0.89,0.11
0.70,0.44,1.00,0.84,1.00,not calculable,0.56,14,11,0,0.89,0.11
0.71,0.44,1.00,0.84,1.00,not calculable,0.56,14,11,0,0.89,0.11
0.72,0.36,1.00,0.82,1.00,not calculable,0.64,16,9,0,0.91,0.09
0.73,0.32,1.00,0.81,1.00,not calculable,0.68,17,8,0,0.92,0.08
0.74,0.32,1.00,0.81,1.00,not calculable,0.68,17,8,0,0.92,0.08
0.75,0.28,1.00,0.80,1.00,not calculable,0.72,18,7,0,0.93,0.07
0.76,0.24,1.00,0.79,1.00,not calculable,0.76,19,6,0,0.94,0.06
0.77,0.20,1.00,0.78,1.00,not calculable,0.80,20,5,0,0.95,0.05
0.78,0.16,1.00,0.77,1.00,not calculable,0.84,21,4,0,0.96,0.04
0.79,0.12,1.00,0.77,1.00,not calculable,0.88,22,3,0,0.97,0.03
0.80,0.08,1.00,0.76,1.00,not calculable,0.92,23,2,0,0.98,0.02
0.81,0.04,1.00,0.75,1.00,not calculable,0.96,24,1,0,0.99,0.01
0.82,0.00,1.00,0.74,not calculable,not calculable,1.00,25,0,0,1.00,0.00
0.83,0.00,1.00,0.74,not calculable,not calculable,1.00,25,0,0,1.00,0.00
0.84,0.00,1.00,0.74,not calculable,not calculable,1.00,25,0,0,1.00,0.00
0.85,0.00,1.00,0.74,not calculable,not calculable,1.00,25,0,0,1.00,0.00
0.86,0.00,1.00,0.74,not calculable,not calculable,1.00,25,0,0,1.00,0.00
0.87,0.00,1.00,0.74,not calculable,not calculable,1.00,25,0,0,1.00,0.00
0.88,0.00,1.00,0.74,not calculable,not calculable,1.00,25,0,0,1.00,0.00
0.89,0.00,1.00,0.74,not calculable,not calculable,1.00,25,0,0,1.00,0.00
0.90,0.00,1.00,0.74,not calculable,not calculable,1.00,25,0,0,1.00,0.00
0.91,0.00,1.00,0.74,not calculable,not calculable,1.00,25,0,0,1.00,0.00
0.92,0.00,1.00,0.74,not calculable,not calculable,1.00,25,0,0,1.00,0.00
0.93,0.00,1.00,0.74,not calculable,not calculable,1.00,25,0,0,1.00,0.00
0.94,0.00,1.00,0.74,not calculable,not calculable,1.00,25,0,0,1.00,0.00
0.95,0.00,1.00,0.74,not calculable,not calculable,1.00,25,0,0,1.00,0.00
0.96,0.00,1.00,0.74,not calculable,not calculable,1.00,25,0,0,1.00,0.00
0.97,0.00,1.00,0.74,not calculable,not calculable,1.00,25,0,0,1.00,0.00
0.98,0.00,1.00,0.74,not calculable,not calculable,1.00,25,0,0,1.00,0.00
0.99,0.00,1.00,0.74,not calculable,not calculable,1.00,25,0,0,1.00,0.00
